,Unnamed: 0,code,grade
0,0,1,-0.05317710849909999
1,0,2,-0.0480924918666
2,0,5,-0.0472629987224
3,0,6,-0.0501221248443
4,0,7,-0.0353942887135
5,0,8,-0.0528606019721
6,0,10,-0.034772551472499996
7,0,11,-0.0535837114545
8,0,12,-0.0502098446734
9,0,14,-0.047127544316600004
10,0,16,-0.051665938072800004
11,0,17,-0.0498604389331
12,0,18,-0.0463660718507
13,0,19,0.009606128572959999
14,0,20,-0.042074648160800004
15,0,21,-0.0512590510182
16,0,22,-0.052156495757599994
17,0,23,-0.04157177547569999
18,0,25,-0.0398145910984
19,0,26,-0.0415262369709
20,0,27,-0.05330944460530001
21,0,30,-0.0509406967732
22,0,31,-0.0516047360507
23,0,32,-0.050618854707000005
24,0,34,-0.0514282295374
25,0,36,-0.046082604209400004
26,0,38,-0.0361737833517
27,0,39,-0.0508154481292
28,0,40,-0.0520101483234
29,0,42,-0.0557059049545
30,0,48,-0.0540211092229
31,0,49,-0.0466141805017
32,0,55,-0.0478005769235
33,0,56,-0.0528533002834
34,0,58,-0.048063995972
35,0,60,-0.048270973252800005
36,0,61,-0.0524797144018
37,0,62,-0.0530723543314
38,0,63,-0.05158405405040001
39,0,66,-0.052079358205
40,0,68,-0.0442281336914
41,0,69,-0.05342373201930001
42,0,70,-0.049395885149800006
43,0,78,-0.04744091626540001
44,0,88,-0.0535882081273
45,0,89,-0.0538030476623
46,0,90,-0.0515841070631
47,0,96,-0.040839204665
48,0,99,-0.0482642492535
49,0,150,-0.04697061122280001
0,0,151,-0.0503624519883
1,0,153,-0.037174338585300004
2,0,156,-0.052487538716900005
3,0,157,-0.0517524922269
4,0,159,-0.0445360995058
5,0,166,-0.05305228118969999
6,0,301,-0.05129166417330001
7,0,333,-0.05194033111930001
8,0,338,-0.051536751441699995
9,0,400,-0.051638135525599996
10,0,401,-0.0534089494907
11,0,402,-0.0492092921364
12,0,403,-0.045055130821
13,0,408,-0.0549980449066
14,0,410,-0.0503249576984
15,0,411,-0.0490837291048
16,0,413,1138.64157038
17,0,415,-0.052533941118800005
18,0,417,-0.0517134314704
19,0,418,-0.051597948274699997
20,0,419,-0.0476703948734
21,0,420,-0.0380799186849
22,0,421,-0.0509570015267
23,0,422,-0.0497809053473
24,0,425,-0.0517279017042
25,0,426,-0.0379581598465
26,0,428,-0.052079144739699997
27,0,429,-0.047619129752
28,0,430,-0.0418827012396
29,0,488,-0.0493427064349
30,0,498,-0.0360042425652
31,0,501,-0.0505110754287
32,0,502,-0.043029360919399996
33,0,503,-0.05183817047
34,0,506,-0.052260625146
35,0,507,-0.05207375330109999
36,0,509,-0.0468085303063
37,0,510,-0.041231441712300004
38,0,513,-0.050341538545300005
39,0,514,-0.047417453580400004
40,0,516,-0.0510108689988
41,0,517,-0.0541323198601
42,0,518,-0.0512516841734
43,0,519,-0.0519400162327
44,0,520,-0.0487385521729
45,0,521,-0.050614629844399996
46,0,523,-0.0504236010025
47,0,525,-0.0517362175088
48,0,526,-0.050577119295899996
49,0,528,-0.04976178329940001
0,0,529,-0.053119061667
1,0,530,-0.0518191498274
2,0,532,-0.045206692136199995
3,0,536,-0.0495819645774
4,0,537,-0.0472064874797
5,0,539,-0.0530552220811
6,0,540,-0.05223218761369999
7,0,541,-0.05041554944709999
8,0,543,-0.05008842822219999
9,0,544,-0.043796673439999996
10,0,545,-0.0483944012684
11,0,546,-0.0452872837538
12,0,548,-0.0480031813107
13,0,550,-0.0513340388985
14,0,551,-0.041619956854199995
15,0,552,-0.050963627215
16,0,554,-0.04946765776880001
17,0,557,-0.0511750831808
18,0,558,-0.0492169934995
19,0,559,-0.0488813434156
20,0,561,-0.04796719505580001
21,0,563,-0.0496547228637
22,0,564,-0.05105722781719999
23,0,566,-0.0473990990984
24,0,567,-0.048485712370999995
25,0,568,-0.0523077939874
26,0,570,-0.04359749498959999
27,0,571,-0.0361603413891
28,0,572,-0.052355814612800006
29,0,573,-0.0304502812524
30,0,581,-0.0500100125394
31,0,584,-0.050867512437399995
32,0,585,-0.041318483973300006
33,0,586,-0.051664147129699994
34,0,587,-0.050751378495899994
35,0,589,-0.0495606232058
36,0,590,-0.052542410049
37,0,592,-0.044753239051900005
38,0,595,-0.037304675118300004
39,0,596,-0.0525804256401
40,0,597,-0.0511607872723
41,0,598,-0.0454322437294
42,0,599,-0.0251198943312
43,0,600,-0.052852314966400006
44,0,601,-0.049157660195
45,0,603,-0.039926324462
46,0,605,449.975933024
47,0,606,-0.0487204832256
48,0,607,-0.0493874016825
49,0,608,-0.0405536727319
0,0,609,-0.0468038857701
1,0,610,-0.0282026889812
2,0,612,-0.052616190828599994
3,0,613,-0.051923927785099994
4,0,616,-0.0492934291586
5,0,619,-0.034503417945199996
6,0,620,-0.051517356794499994
7,0,623,-0.051307462664800005
8,0,625,-0.0519666966347
9,0,626,-0.0477717027833
10,0,627,-0.0512157700114
11,0,628,-0.046705360380499994
12,0,631,-0.0514452877212
13,0,632,-0.0499145473316
14,0,633,-0.0470423044124
15,0,635,-0.050408300948199994
16,0,636,-0.0483496920544
17,0,637,3.85775218051
18,0,638,-0.0269723140872
19,0,650,-0.050668234871899996
20,0,652,-0.0359893029336
21,0,655,-0.059335748142999994
22,0,657,-0.0419254848595
23,0,661,-0.0519639791848
24,0,662,-0.0453831149214
25,0,663,-0.0452035639642
26,0,665,-0.046449875427299996
27,0,666,-0.042657555819
28,0,667,-0.050371405330800006
29,0,668,-0.0520341789508
30,0,669,-0.0536029046284
31,0,670,-0.0473255246275
32,0,672,-0.0488088538682
33,0,676,-0.050007378825900006
34,0,677,-0.0488274812581
35,0,678,-0.0503217729198
36,0,679,-0.0477812149684
37,0,680,-0.0488002016311
38,0,681,-0.0505829949707
39,0,682,-0.049086245383
40,0,683,-0.0405701742469
41,0,685,-0.0507935845586
42,0,687,-0.0478174438968
43,0,688,-0.046478050576800004
44,0,690,-0.050179777209800006
45,0,691,-0.0496664312005
46,0,692,-0.0432805261524
47,0,697,-0.050750359375800004
48,0,698,-0.036665912712300006
49,0,701,-0.034667331608699996
0,0,702,-0.0475671696829
1,0,703,-0.051469497946199996
2,0,705,-0.0390274331148
3,0,707,-0.0452829495647
4,0,708,-0.0544701245789
5,0,709,-0.053543651776099994
6,0,711,-0.040643268043199995
7,0,712,-0.0493625163093
8,0,715,-0.051924385229199996
9,0,716,-0.0499340256011
10,0,717,-0.0534404386368
11,0,718,-0.052546986558999996
12,0,719,-0.0518019126552
13,0,721,-0.045685430140399996
14,0,722,-0.0504104179603
15,0,723,-0.0504783749292
16,0,725,-0.052438245822599996
17,0,726,-0.05275509634119999
18,0,727,-0.038447416357999996
19,0,728,-0.0464622120452
20,0,729,-0.0533220359899
21,0,732,-0.05093979597519999
22,0,733,-0.048565075607699994
23,0,735,-0.04999765459290001
24,0,736,-0.0341691894902
25,0,737,-0.0452183106697
26,0,738,-0.043038189592399995
27,0,739,-0.0523807234815
28,0,748,-0.0482015887471
29,0,750,-0.05074970348180001
30,0,751,-0.043168977357900006
31,0,752,-0.050232256042
32,0,753,-0.0526908147406
33,0,755,-0.0542066708791
34,0,756,-0.0353965327466
35,0,759,-0.05309337058040001
36,0,760,-0.0501155089055
37,0,761,-0.0539935346925
38,0,762,-0.0471339967064
39,0,766,-0.049921377850900006
40,0,767,-0.052622365457499994
41,0,768,-0.051798840764300004
42,0,776,-0.05209338291
43,0,777,-0.0505936946572
44,0,778,-0.05042949418269999
45,0,779,-0.04966510326
46,0,780,-0.051264243422
47,0,782,-0.0478464117645
48,0,783,-0.052819278550899997
49,0,785,-0.0392830634052
0,0,788,-0.0518387117974
1,0,789,-0.0489253030267
2,0,790,-0.03527684386819999
3,0,791,-0.0389346022001
4,0,792,-0.054198426867300004
5,0,793,-0.047588593820900006
6,0,795,-0.0403667766951
7,0,796,-0.0342841205938
8,0,798,-0.045738619658500006
9,0,799,-0.0333888167232
10,0,800,-0.051780132551999994
11,0,802,-0.051028984736199996
12,0,806,-0.025999793272500002
13,0,807,-0.05315117066240001
14,0,809,-0.0498594717289
15,0,810,-0.03461252797080001
16,0,811,-0.04803348157290001
17,0,813,-0.0506787499187
18,0,816,-0.0509320088109
19,0,818,-0.34900942133900004
20,0,820,-0.0316991394838
21,0,821,-0.0485281674486
22,0,822,-0.05113345953390001
23,0,823,-21.0701098901
24,0,825,-0.055122139402
25,0,826,-0.0499437178814
26,0,828,-0.052462479295300006
27,0,829,-0.0492751396672
28,0,830,-0.0503898276079
29,0,831,-0.0519285923653
30,0,833,-0.0516441123151
31,0,835,-0.043325579155599994
32,0,836,-0.0340496154006
33,0,838,-0.049194131751100004
34,0,850,-0.0521981920504
35,0,852,-0.052555598405300004
36,0,856,-0.0520770661125
37,0,858,-0.0533612469012
38,0,859,-0.0494138441976
39,0,860,-0.048678049311499993
40,0,861,-0.051852273892800005
41,0,862,-0.048161318595500005
42,0,863,-0.0520269428304
43,0,868,-0.05076493805769999
44,0,869,-0.0531369687829
45,0,875,-0.05078874715080001
46,0,878,-0.0508310964296
47,0,880,-0.036429653618099994
48,0,881,-0.0503628807246
49,0,882,-0.0509328073066
0,0,883,-0.0537581064826
1,0,885,-0.047777631046599996
2,0,886,-0.052158021942
3,0,887,-0.052897649922
4,0,888,-0.0493429974927
5,0,889,-0.0463356503184
6,0,890,-0.0510129614157
7,0,892,-0.0459571193471
8,0,893,-0.0490116469238
9,0,895,-0.0527189962959
10,0,897,-0.0505113020467
11,0,898,-0.052767876435400006
12,0,899,-0.052619180629
13,0,900,-0.0498836683146
14,0,901,-0.0498949955832
15,0,903,-0.049478355996000006
16,0,905,-0.05095030229619999
17,0,906,-0.049796189701800005
18,0,908,-0.0523804636037
19,0,909,-0.038962109229599994
20,0,910,-0.052714696233299996
21,0,912,-0.0534174952153
22,0,913,-0.049057621352
23,0,915,-0.0496798484761
24,0,917,-0.0402710408987
25,0,919,-0.0529820144876
26,0,920,-0.0493290580751
27,0,921,-0.052106963555199996
28,0,922,-0.05338443446269999
29,0,925,-0.0599662520334
30,0,928,-0.0532442940767
31,0,929,-0.039997500640599995
32,0,931,-0.0457855653146
33,0,932,-0.050864243531
34,0,933,-0.0519640572126
35,0,936,-0.0519700669646
36,0,937,-0.05244467473119999
37,0,948,-0.0495934847774
38,0,949,-0.0500061887055
39,0,952,-0.0302570147957
40,0,953,-0.04647367199519999
41,0,955,-0.0351402983924
42,0,957,-0.036914784660699994
43,0,958,-0.0437586413824
44,0,960,-0.0429929208907
45,0,961,-0.048465220582099997
46,0,962,-0.0519334512538
47,0,963,-0.0533288128904
48,0,965,-0.0502051561156
49,0,966,-0.0529297487734
0,0,967,-0.0416483532381
1,0,968,-0.0539856820215
2,0,970,-0.036183459980800005
3,0,972,-0.049816138499999996
4,0,973,-0.0458064906415
5,0,976,-0.0516263329866
6,0,977,-0.0469209395481
7,0,978,-0.0488657644558
8,0,979,-0.0526655095652
9,0,981,-0.0521048799861
10,0,982,-0.050809773632399996
11,0,983,-0.0491944940269
12,0,985,-0.0385103150104
13,0,988,-0.04892010077819999
14,0,989,-0.0502442411608
15,0,990,-0.0473513543702
16,0,993,-0.0445032700064
17,0,995,-0.0276679565762
18,0,996,-0.0770509121166
19,0,997,-0.0520053833941
20,0,998,-0.05250648493869999
21,0,999,-0.0530377879029
22,0,1696,-0.0516610695034
23,0,1979,-0.0481491816248
24,0,2001,-0.0479122489466
25,0,2003,-0.053631778649800003
26,0,2004,-0.0501755745086
27,0,2005,-0.041521719671999996
28,0,2006,-0.049998962701900004
29,0,2007,-0.050045526401599996
30,0,2009,-0.0407985222546
31,0,2011,-0.0529020035309
32,0,2012,-0.0431667109182
33,0,2013,-0.047966834291199995
34,0,2014,-0.052830093495300004
35,0,2015,-0.0523623673441
36,0,2016,-0.0512644022872
37,0,2018,-0.0525127452939
38,0,2019,-0.0396879930163
39,0,2021,-0.05213843397580001
40,0,2023,-0.047203245466
41,0,2024,-0.051815842436100004
42,0,2026,-0.0499609968972
43,0,2027,-0.0600791025541
44,0,2028,-0.049262023893900005
45,0,2029,-0.049955042694100005
46,0,2030,-0.043262519686099996
47,0,2031,-0.047862306452
48,0,2032,-0.0492135247217
49,0,2033,-0.0441527047726
0,0,2034,-0.0453906634808
1,0,2036,-0.0205922152528
2,0,2037,-0.042944457429
3,0,2038,-0.0523374133384
4,0,2039,-0.052542443919900005
5,0,2040,-0.048378933141599995
6,0,2041,-0.054933666276099996
7,0,2042,-0.0510163744635
8,0,2043,0.0693707604793
9,0,2044,-0.0512442852435
10,0,2045,-0.0383979057382
11,0,2046,-0.0448200542379
12,0,2047,-0.025522134758299998
13,0,2048,-0.0437546242051
14,0,2049,-0.0527337728324
15,0,2050,-0.0538245383926
16,0,2051,-0.0536725941672
17,0,2054,-0.030743886206
18,0,2056,-0.048007632236099995
19,0,2058,-0.0479586476762
20,0,2060,-0.040509524558800004
21,0,2063,-0.0449369244045
22,0,2065,-0.0518753389769
23,0,2066,-0.05598352133719999
24,0,2067,-0.04532654903580001
25,0,2068,-0.0521275931175
26,0,2069,-0.051997674859
27,0,2070,-0.0429784408192
28,0,2073,-0.0515443890501
29,0,2075,-0.049269485727000004
30,0,2076,-0.0486033702284
31,0,2077,-0.0542122782043
32,0,2078,-0.0506233847045
33,0,2079,-0.04473298771649999
34,0,2080,-0.045299737375300006
35,0,2081,-0.041807558027300004
36,0,2082,-0.0344628896026
37,0,2083,-0.05023193414890001
38,0,2084,-0.047011236895
39,0,2085,-0.052804598108800005
40,0,2086,-0.0479840263241
41,0,2087,-0.0419817827596
42,0,2088,-0.0325179601786
43,0,2089,-0.0484270218743
44,0,2090,-0.0513214675559
45,0,2091,-0.047459180254
46,0,2092,-0.0450941973642
47,0,2093,-0.053662738928800004
48,0,2095,-0.04914461467469999
49,0,2096,-0.0527835850478
0,0,2097,-0.04644401166119999
1,0,2098,-0.0578442277663
2,0,2099,-0.048124240265499996
3,0,2100,-0.050912308229
4,0,2102,-0.0288256138876
5,0,2103,-0.050265671021600004
6,0,2104,-0.0490301937997
7,0,2105,-0.048603076465800005
8,0,2106,-0.022101730373400002
9,0,2107,-0.0526515429557
10,0,2108,-0.0466421098807
11,0,2109,-0.051383499098399996
12,0,2110,-0.039651341414699996
13,0,2112,-0.057125992201199995
14,0,2114,-9.893506803860001
15,0,2115,-0.0438424309607
16,0,2116,-0.050222892449199995
17,0,2117,-0.0520849284637
18,0,2118,-0.0501766943686
19,0,2120,-0.0434767545283
20,0,2121,-0.049341758058299996
21,0,2122,-0.05028107598019999
22,0,2123,-0.049747018144500006
23,0,2124,-0.041599389751800005
24,0,2125,-0.146319930659
25,0,2126,-0.047188356382
26,0,2128,-0.05269158566650001
27,0,2130,-0.0503915388811
28,0,2131,-0.051246517871400006
29,0,2132,-0.0500331896997
30,0,2134,-0.046402499744699996
31,0,2135,-0.05143517676519999
32,0,2136,-0.043061427669
33,0,2137,-0.0408644557257
34,0,2138,-0.04785558379919999
35,0,2139,-0.047468983868800003
36,0,2140,-0.0527983832514
37,0,2141,-0.040825907153599995
38,0,2142,-0.0523953037711
39,0,2143,-0.052339584129499996
40,0,2145,-0.039538405361800005
41,0,2146,-0.0533101842507
42,0,2147,-0.050472780768
43,0,2148,-0.0400017787556
44,0,2149,-0.0491934826798
45,0,2150,-0.04973311534
46,0,2151,-0.050738918128100004
47,0,2152,-0.053061564359
48,0,2153,-0.0518372214769
49,0,2154,-0.0517366305377
0,0,2155,-0.0391291563067
1,0,2157,-0.040858102449
2,0,2158,-0.0528062635383
3,0,2159,-0.0487783274795
4,0,2162,-0.0507375291372
5,0,2163,-0.03932311519869999
6,0,2164,-0.0511533020259
7,0,2165,-0.0505327369003
8,0,2166,-0.0657800882543
9,0,2168,-0.0473301835339
10,0,2169,-0.0351427711086
11,0,2170,-0.0456287573665
12,0,2171,-0.050121090879800004
13,0,2172,-0.050914097578499996
14,0,2173,-0.0494699284094
15,0,2176,-0.04820150761530001
16,0,2177,-0.0418957707574
17,0,2178,-0.0448403810629
18,0,2179,-0.051477452056999995
19,0,2180,-0.0531219055061
20,0,2181,-0.0540364380526
21,0,2182,-0.0506494775323
22,0,2183,-0.050843516599699996
23,0,2184,-0.0439829668267
24,0,2185,-0.05098374681
25,0,2186,-0.05310395227030001
26,0,2187,-0.0523160844488
27,0,2188,-0.048542203543499994
28,0,2189,-0.0452162753401
29,0,2191,-0.0507122949596
30,0,2192,-0.0484958405638
31,0,2193,-0.039230997282599996
32,0,2194,-0.0449909684126
33,0,2195,-0.04440777802280001
34,0,2196,1.04036929936
35,0,2197,-0.0377386999013
36,0,2198,-0.052562943752600004
37,0,2199,-0.0460482752585
38,0,2200,0.0013623507297800001
39,0,2201,-0.040345535222199996
40,0,2202,-0.05227628647580001
41,0,2203,-0.053745607775300006
42,0,2204,-0.0529182688055
43,0,2205,-0.0444874467151
44,0,2206,-0.0508078332304
45,0,2208,-0.0313557735284
46,0,2209,-0.041875848544400004
47,0,2210,-0.0543737958965
48,0,2211,23.960613769600002
49,0,2212,-0.046699253809599994
0,0,2213,-0.041114231366199995
1,0,2214,-0.051320484629
2,0,2215,-0.0499047245113
3,0,2216,-0.0525719265044
4,0,2217,-0.0422300971633
5,0,2219,-0.0523600486208
6,0,2220,-0.043715795267699996
7,0,2221,-0.0507319120063
8,0,2222,-0.0386756687856
9,0,2223,-0.0490268585041
10,0,2225,-0.0500305846904
11,0,2226,-0.05174366635430001
12,0,2227,-0.051254956332
13,0,2228,-0.052677102776
14,0,2229,-0.04475645176109999
15,0,2232,-0.0509466335743
16,0,2233,-0.0477047548959
17,0,2235,-0.0435040507015
18,0,2236,-0.051729136143199995
19,0,2237,-0.045720553740300006
20,0,2238,-0.051779444710400004
21,0,2239,-0.053100148799400004
22,0,2240,-0.0433729994063
23,0,2241,-0.0502227288087
24,0,2242,-0.0537261605553
25,0,2243,-0.047389111473699994
26,0,2244,-0.0513471582514
27,0,2245,-0.0449904959915
28,0,2246,-0.04836742752690001
29,0,2247,-0.0478606036059
30,0,2249,-0.0457890119661
31,0,2250,-0.0506361841776
32,0,2251,-0.052694925380800006
33,0,2252,-0.053612190959700004
34,0,2253,-0.0479935340543
35,0,2254,-0.049094357954
36,0,2255,-0.048764733000400004
37,0,2256,-0.0334437112142
38,0,2258,-0.0506353283414
39,0,2259,-0.046043941677900005
40,0,2260,-0.0514830284238
41,0,2262,-0.0524061585014
42,0,2263,-0.04929534416680001
43,0,2264,-0.042514478770500005
44,0,2265,-0.046974844217300006
45,0,2267,-0.053454039491099996
46,0,2268,-0.051176503952099994
47,0,2269,-0.0535313655121
48,0,2270,-0.0340815833954
49,0,2271,-0.049088110729900006
0,0,2272,-0.046063064436300004
1,0,2273,-0.0395802514236
2,0,2274,-0.04355612520830001
3,0,2275,-0.053064217996300005
4,0,2276,-0.0515913310339
5,0,2277,-0.052246107701199994
6,0,2279,-0.0344376365012
7,0,2281,-0.0451445175144
8,0,2282,-0.028093943567300002
9,0,2284,-0.0485583561847
10,0,2285,-0.0526890726718
11,0,2286,-0.0400612698596
12,0,2287,-0.0566524389247
13,0,2288,-0.0435839511068
14,0,2290,-0.0496595985153
15,0,2291,-0.0355626228376
16,0,2292,-0.049648947973
17,0,2293,-0.053866477189800005
18,0,2295,-0.0426243628412
19,0,2296,-0.048524183364199995
20,0,2298,-0.0438549481232
21,0,2299,-0.052148153565699996
22,0,2300,-0.048160410790599996
23,0,2301,-0.0539546666527
24,0,2302,-0.05263263756849999
25,0,2303,-0.053377468210300004
26,0,2304,-0.054197877297800005
27,0,2305,-0.054126676339699996
28,0,2306,-0.0375120896977
29,0,2307,-0.040159550934000005
30,0,2308,-0.052434533448199996
31,0,2309,-0.050023370996900005
32,0,2310,-0.0374104210632
33,0,2311,-0.0536141226839
34,0,2312,-0.037260408591199994
35,0,2313,-0.0435550424845
36,0,2314,-0.0523767248189
37,0,2315,-0.0461064906241
38,0,2317,-0.0480298125681
39,0,2318,-0.048855225499300006
40,0,2322,0.172832346325
41,0,2323,-0.048783920203499996
42,0,2324,-0.05021861370069999
43,0,2325,-0.048781923682500006
44,0,2327,-0.05025321403
45,0,2328,-0.0332950776873
46,0,2329,238.29605122200002
47,0,2330,-0.0353987858327
48,0,2331,-0.037413245790699996
49,0,2332,-0.05242220727
0,0,2333,-0.0503419382364
1,0,2334,-0.05258091612390001
2,0,2335,-0.0508166878584
3,0,2336,-0.053586127632800004
4,0,2337,-0.049067624141899996
5,0,2338,-0.05248903651740001
6,0,2339,-0.0463921769831
7,0,2341,-0.044688835948
8,0,2342,-0.05204569557469999
9,0,2343,-0.04937939954850001
10,0,2344,-0.0468720558803
11,0,2345,-0.0521794517802
12,0,2346,0.005876558500100001
13,0,2347,-0.042135227365
14,0,2348,-0.0462061286455
15,0,2349,-0.0514274263604
16,0,2350,-0.0437241616921
17,0,2351,-0.0369271567921
18,0,2352,-0.0436914596722
19,0,2354,-0.0491238728776
20,0,2356,-0.051363322366000004
21,0,2357,-0.0507093382646
22,0,2358,-0.042244379678100005
23,0,2360,-0.0485383366055
24,0,2361,-0.0480323394728
25,0,2362,-0.045525260676999996
26,0,2363,-0.0496753857152
27,0,2364,-0.05369177460630001
28,0,2365,-0.0337684680434
29,0,2366,-0.0528252781195
30,0,2367,-0.05171612141009999
31,0,2368,-0.0510947188081
32,0,2369,-0.0433292733279
33,0,2370,-0.0511402267146
34,0,2371,-0.0296268715953
35,0,2372,-0.0522384736345
36,0,2373,-0.0478675735168
37,0,2374,-0.00475359083295
38,0,2376,-0.041957619754999995
39,0,2378,-0.051247367665599994
40,0,2379,-0.0428336874317
41,0,2380,-0.05008251486330001
42,0,2381,-0.0394274579664
43,0,2382,-0.052620894161099996
44,0,2383,-0.040390011684800005
45,0,2384,-0.0486105249934
46,0,2385,-0.052866204956199994
47,0,2386,-0.049513630244500006
48,0,2388,-0.0473545329383
49,0,2390,-0.0513529379677
0,0,2391,-0.050569915368099995
1,0,2392,-0.0512328023895
2,0,2393,-0.0510155546685
3,0,2394,-0.0510753749314
4,0,2395,-0.050483021733200004
5,0,2397,-0.0524334042235
6,0,2398,-0.040939081916499996
7,0,2399,-0.0548364985795
8,0,2400,-0.053940488001499996
9,0,2401,-0.049123563174900006
10,0,2402,-0.0335078751577
11,0,2403,-0.053123105267500005
12,0,2405,-0.04732323433680001
13,0,2406,-0.04856821116780001
14,0,2407,-0.039695914334499996
15,0,2408,-0.0510869405485
16,0,2409,-0.0473888965881
17,0,2410,-0.0489713396961
18,0,2411,-0.0471173030357
19,0,2412,-0.0517294257519
20,0,2413,-0.05124716332359999
21,0,2414,-0.051528525399000005
22,0,2415,-0.0539118416999
23,0,2416,-0.052623564993699995
24,0,2417,-0.0493679107175
25,0,2418,-0.0438952629667
26,0,2419,-0.052888526667300005
27,0,2420,-0.05103260411169999
28,0,2421,-0.0409848877197
29,0,2423,-0.0516326182433
30,0,2424,-0.0506196232274
31,0,2425,-0.04431890916180001
32,0,2426,-0.0518799372226
33,0,2427,-0.037873870044
34,0,2428,-0.0497784422088
35,0,2429,-0.051880413827999995
36,0,2431,-0.022981854221099995
37,0,2432,-0.0426566861734
38,0,2433,-0.0531250036391
39,0,2434,-0.0531325061175
40,0,2435,-0.052354515644500006
41,0,2436,-0.0417906290585
42,0,2438,-0.0469126156279
43,0,2439,-0.0510750230445
44,0,2441,-0.0461538598623
45,0,2442,-0.04933729712169999
46,0,2443,-0.0420485492298
47,0,2444,-0.0525037160159
48,0,2447,-0.23715007523499998
49,0,2448,-0.0489218406732
0,0,2469,-0.046179963733800004
1,0,2470,-0.0531037505066
2,0,2471,-0.0480035143922
3,0,2472,-0.051178184346500004
4,0,2473,-0.044016650457
5,0,2474,-0.47735805801299996
6,0,2475,-0.052586812565199995
7,0,2476,0.0132380953739
8,0,2477,-0.051385189454199995
9,0,2479,-0.0534105203445
10,0,2480,-0.04723095349359999
11,0,2481,-0.0526837743274
12,0,2482,-0.0471174818116
13,0,2483,-0.043051965158099996
14,0,2484,-0.0528980357455
15,0,2485,-0.05279509112459999
16,0,2486,-0.0885965692266
17,0,2487,-0.0524315676251
18,0,2488,-0.04754863058619999
19,0,2489,-0.0527258468408
20,0,2490,-0.036265036012699994
21,0,2491,-0.048210728862699996
22,0,2493,-0.0522845952999
23,0,2494,-0.047976378001699994
24,0,2495,0.0150847053473
25,0,2496,-0.050680068629800006
26,0,2497,-0.050853622134099996
27,0,2498,-0.053912489584
28,0,2499,-0.042147664516
29,0,2500,-0.0526571198984
30,0,2501,-0.0395417535122
31,0,2502,-0.06291011205040001
32,0,2503,-0.05330925273730001
33,0,2504,-0.043495047029400005
34,0,2507,-0.050544681371300006
0,0,2508,-0.053669152611600004
1,0,2509,-0.040579290624
2,0,2511,-0.052203199764199994
3,0,2512,-0.0495330861436
4,0,2514,-0.045548895877400006
5,0,2515,1.85868043783
6,0,2516,0.000777877213359
7,0,2517,-0.052033136149
8,0,2518,-0.052368292640199994
9,0,2519,-0.0517946666005
10,0,2520,-0.0561674175883
11,0,2521,-0.0261597107503
12,0,2522,-0.0462280803923
13,0,2523,-0.0536821025265
14,0,2524,-0.0317283374418
15,0,2527,-0.0525780454686
16,0,2529,-0.0490390463934
17,0,2530,-0.052200648955699994
18,0,2531,-0.052672868159
19,0,2532,-0.0502217120996
20,0,2533,-0.0407571214632
21,0,2534,-0.0522434156177
22,0,2535,-0.0472982864244
23,0,2536,-0.0515082726727
24,0,2537,-0.053447908398199996
25,0,2538,-0.0520398478401
26,0,2539,-0.04913818115069999
27,0,2540,-0.049956035889
28,0,2541,-0.048012899036
29,0,2542,-0.041915926621300004
30,0,2543,-0.05117104025
31,0,2544,-0.0517627549802
32,0,2545,-0.052346981840500004
33,0,2546,-0.0522984108803
34,0,2547,-0.045507798561899994
35,0,2548,-0.0506771074651
36,0,2549,-0.052130962513
37,0,2550,-0.046745349309099994
38,0,2551,-0.052333847605099994
39,0,2552,-0.0383681284102
40,0,2553,-0.0508953661304
41,0,2554,-0.050225502813
42,0,2556,-0.0511977687059
43,0,2557,-0.051852065074199996
44,0,2559,-0.050463595251000005
45,0,2560,-0.0444438017926
46,0,2561,-0.0518034372726
47,0,2562,0.549689249391
48,0,2563,-0.0550894231828
49,0,2565,-0.0520756780361
0,0,2566,-0.047153408996800004
1,0,2567,-0.0509612103828
2,0,2568,-0.052364753559
3,0,2569,-0.0411303063608
4,0,2570,-0.053543120825
5,0,2572,-0.0516382683734
6,0,2573,-0.049702686852
7,0,2575,-0.0467329377809
8,0,2577,-0.0524806392753
9,0,2578,-0.0370460700286
10,0,2579,-0.0515069896368
11,0,2580,-0.0497862843228
12,0,2581,-0.050237122937699996
13,0,2582,-0.0507727955325
14,0,2586,-0.047257327637900005
15,0,2587,0.419354816237
16,0,2588,-0.0522594111765
17,0,2589,-0.0499816587242
18,0,2590,-0.0520751835306
19,0,2592,-0.0542792958548
20,0,2593,-0.040083969328099996
21,0,2596,-0.0509464983749
22,0,2598,-0.049426917197699996
23,0,2599,-0.0494697613776
24,0,2600,-0.044523882649499996
25,0,2601,-0.0442700730261
26,0,2603,-0.052595262644300006
27,0,2605,-0.0460469800863
28,0,2607,-0.047056534646699996
29,0,2611,-0.039078450732
30,0,2612,-0.042722138022499995
31,0,2613,-0.048896882245300005
32,0,2614,-0.054997922313400005
33,0,2616,-0.04738243672780001
34,0,2618,-0.0508331602982
35,0,2619,3.50933004589
36,0,2620,-0.047035740340800006
37,0,2622,-0.048818933970800005
38,0,2623,-0.0519251646335
39,0,2625,-0.0519717979868
40,0,2626,-0.0505109690639
41,0,2627,-0.0460335952011
42,0,2628,-0.0494460972079
43,0,2629,-0.037587615150300006
44,0,2633,-0.0372937170445
45,0,2634,0.398543275563
46,0,2635,-0.04494697004169999
47,0,2636,57192.476345300005
48,0,2637,-0.048694739224699995
49,0,2638,-0.0504389118418
0,0,2639,-0.0501322248525
1,0,2640,-0.0488847170993
2,0,2641,-0.0502355624869
3,0,2642,-0.047006429568199996
4,0,2643,-0.05166857317319999
5,0,2644,-0.0510638138142
6,0,2645,-0.0426217922976
7,0,2646,-0.0527796547681
8,0,2647,-0.0349350744769
9,0,2648,-0.051592100404500005
10,0,2649,-0.0494504417307
11,0,2650,-0.0535638918762
12,0,2651,-0.0497421563913
13,0,2652,-0.0479929093804
14,0,2653,-0.0583611190252
15,0,2655,-0.0433137157211
16,0,2658,-0.0456149506905
17,0,2659,-0.0524447912891
18,0,2661,-0.050935146498999995
19,0,2664,-0.0482719703412
20,0,2666,-0.0222608124292
21,0,2667,-0.0344265472387
22,0,2668,-0.05159541113609999
23,0,2669,-0.047496795391
24,0,2670,-0.0512784484375
25,0,2671,-0.0267193017443
26,0,2672,-0.048933766725
27,0,2673,-0.05081120846269999
28,0,2674,-0.0491222476635
29,0,2675,-0.044056844686400004
30,0,2677,-0.039392254995800007
31,0,2679,-0.048542775648099994
32,0,2680,-0.04635237826309999
33,0,2681,-0.0522378691485
34,0,2682,-0.049692852076300004
35,0,2683,-0.04661607421299999
36,0,2686,-0.0499830885773
37,0,2687,-0.052220643650900005
38,0,2689,-0.0524939179992
39,0,2690,-0.0532765664495
40,0,2691,-0.053469958449599994
41,0,2692,-0.046800809169100004
42,0,2693,-0.051438668545399996
43,0,2694,-0.049572649966699994
44,0,2695,3.09166117206
45,0,2697,-0.0471948147168
46,0,2698,-0.0532266148934
47,0,2699,-0.05189091689230001
48,0,2700,-0.0462143091608
49,0,2701,-0.0478732374532
0,0,2702,-0.0428777007189
1,0,2703,188.63688461900003
2,0,2705,-0.0493633497535
3,0,2706,-0.0510047024851
4,0,2707,-0.0485709508426
5,0,2708,572709850.42
6,0,2709,-0.0375719810445
7,0,2711,-0.028823996881900002
8,0,2712,-0.0396088653136
9,0,2713,-0.045113564572099994
10,0,2714,-0.048759102478400006
11,0,2715,-1.47757064037
12,0,2716,6.222342676139999
13,0,2717,-0.0426256818901
14,0,2718,-0.045243134508699996
15,0,2722,315.29230813099997
16,0,2723,-0.033366752723
17,0,2724,-0.039014792533
18,0,2726,-0.043370091045500006
19,0,2727,-0.0488727028538
20,0,2728,-0.012789777652300001
21,0,2729,22.476549115700003
22,0,2730,0.23067331395399998
23,0,2731,-0.0385530398879
24,0,2732,-0.04443962544340001
25,0,2733,-0.044871118140400006
26,0,2734,-0.041023006706500005
27,0,2736,-0.05331318377640001
28,0,2737,-0.0499268666099
29,0,2738,-0.0354463285191
30,0,2739,-0.05199289084290001
31,0,2740,-0.0368434385588
32,0,2741,-0.04821485275230001
33,0,2742,-0.039019697837199996
34,0,2743,4.72568074805
35,0,2746,-0.0472663986537
36,0,2747,-0.043853699342300004
37,0,2748,152254.772288
38,0,2749,-0.901647011443
39,0,2750,-0.0524579891859
40,0,2751,-0.027272387094799996
41,0,2756,-0.047722943070599995
42,0,2757,-0.0402229982839
43,0,2758,-0.058782962943099995
44,0,2760,300.663533099
45,0,2761,-0.0484131279198
46,0,2762,-0.0447543248066
47,0,2763,-0.05148244418530001
48,0,2765,-0.048393178739599994
49,0,2767,2.87303524206
0,0,2768,-0.0389955220719
1,0,2769,-0.0484694577376
2,0,2770,-0.0488813050083
3,0,2772,-0.04948660812319999
4,0,2773,-0.052478811879699994
5,0,2775,1.8631611227200002
6,0,2776,-0.0499448110041
7,0,2777,-0.0440871818969
8,0,2778,-0.0364215351541
9,0,2779,-6.036659987919999
10,0,2781,-0.0263910006458
11,0,2782,-0.0126628730828
12,0,2783,-0.0418701311837
13,0,2785,-2.74875438746
14,0,2786,-0.036954098263199994
15,0,2787,-0.041745292834400004
16,0,2788,-0.0384265763973
17,0,2789,-0.0347569191084
18,0,2790,-0.0430945358875
19,0,2791,-0.04390127896269999
20,0,2792,-0.0442843851179
21,0,2793,-0.039014492524
22,0,2795,-0.03451156698380001
23,0,2796,-0.0301805270382
24,0,2797,-0.037270496008900006
25,0,2798,-0.0243986713743
26,0,2799,-0.0393907522626
27,0,2800,-0.0384442196917
28,0,2802,16720546.2641
29,0,2803,-0.21529257512400002
30,0,2805,50825.83254730001
31,0,2806,171341.842148
32,0,2808,-55234975.6908
33,0,2809,-1131.86991935
34,0,2810,-0.0500240026999
35,0,300002,-0.0480375261058
36,0,300003,-0.0528623113153
37,0,300004,-0.0525681120712
38,0,300005,-0.0508477332876
39,0,300006,-0.044304599901000004
40,0,300007,-0.0436081933555
41,0,300008,-0.0488695785164
42,0,300009,-0.0418844417619
43,0,300010,-0.0468463981377
44,0,300011,-0.0477594282775
45,0,300012,-0.0461452061688
46,0,300013,-0.0429572290342
47,0,300014,-0.0449017453294
48,0,300015,-0.0528897610776
49,0,300016,-0.04704924138069999
0,0,300017,-0.0508095935213
1,0,300018,-0.047687179084999996
2,0,300019,-0.0257845695262
3,0,300021,-0.0391938622369
4,0,300022,-0.041039342203800004
5,0,300023,-0.0406496822204
6,0,300024,-0.0556645815273
7,0,300025,-0.046120295937000004
8,0,300026,-0.049762162660800004
9,0,300027,-0.0517844109111
10,0,300028,-0.0446664256573
11,0,300029,-0.0467761533315
12,0,300030,-0.03503127782
13,0,300031,-0.0462822932224
14,0,300032,-0.0506499102726
15,0,300034,-0.0520144730478
16,0,300036,-0.0464210899567
17,0,300037,-0.0420324292199
18,0,300039,-0.0428626292171
19,0,300041,-0.046556617416400006
20,0,300042,-0.0508998471019
21,0,300043,-0.052336686731900006
22,0,300045,-0.05127404377500001
23,0,300048,-0.046320821393099995
24,0,300049,-0.050370510049
25,0,300051,-0.0455022909316
26,0,300054,-0.052574495424699996
27,0,300055,-0.0426814326597
28,0,300056,-0.0433649111964
29,0,300057,-0.0502654709528
30,0,300058,-0.0531244466897
31,0,300059,-0.0488637645817
32,0,300061,-0.04852247615619999
33,0,300062,-0.0373655327773
34,0,300063,-0.04708049587569999
35,0,300064,-0.051568369178
36,0,300065,-0.0488304903682
37,0,300066,-0.039676840921
38,0,300067,-0.047742501157900005
39,0,300068,-0.051998652007599996
40,0,300069,-0.0653546308248
41,0,300070,-0.048801399228300006
42,0,300071,-0.052026419815999994
43,0,300072,-0.0313857947236
44,0,300073,-0.0353735940023
45,0,300074,-0.0406160632139
46,0,300075,-0.0448866168194
47,0,300076,-0.0283259453185
48,0,300077,-0.046588465975699996
49,0,300078,-0.0464674130251
0,0,300081,-0.020953882905200002
1,0,300082,-0.0489955724005
2,0,300083,-0.0447915790758
3,0,300085,-0.0458453282863
4,0,300087,-0.0489606555128
5,0,300090,-0.0476043960988
6,0,300091,-0.0462056446475
7,0,300092,-0.0453730063764
8,0,300093,-0.0465143379282
9,0,300094,-0.0377491819699
10,0,300095,-0.0517205261981
11,0,300096,-0.0431262043853
12,0,300097,-0.049420358982499996
13,0,300098,-0.044835484807199996
14,0,300099,-0.03981091488999999
15,0,300100,-0.049112474758400006
16,0,300101,-0.0512400713423
17,0,300102,-0.0311907156116
18,0,300103,-0.038062099902400004
19,0,300104,-0.05025398026859999
20,0,300106,-0.0415885336524
21,0,300107,-0.0496759335031
22,0,300108,-0.0412955432381
23,0,300109,-0.048436115258
24,0,300110,-0.04346869265909999
25,0,300112,-0.0482875623359
26,0,300113,-0.0502236145575
27,0,300114,-0.053948013596700005
28,0,300115,-0.0499251129586
29,0,300116,-0.0437885650392
30,0,300117,-0.05698063079580001
31,0,300118,-0.0464027763942
32,0,300119,-0.04804286587500001
33,0,300121,-0.047572548357600004
34,0,300122,-0.05279780817290001
35,0,300123,-0.0457615345842
36,0,300125,-0.0434108340998
37,0,300126,-0.0413607668709
38,0,300127,-0.0433365707925
39,0,300128,-0.0451739414033
40,0,300129,-0.040691817437
41,0,300130,-0.0492209469125
42,0,300131,-0.0504154992458
43,0,300133,-0.0529612246701
44,0,300135,-0.0443473129832
45,0,300136,-0.0395913284653
46,0,300137,0.884759647439
47,0,300138,-0.0494106234714
48,0,300139,-0.050992080011900004
49,0,300141,-0.0447938815426
0,0,300143,-0.049767505733000005
1,0,300144,-0.050739167688600005
2,0,300145,-0.0502212275219
3,0,300146,-0.0530585846081
4,0,300147,-0.0510183895957
5,0,300148,-0.0410739260564
6,0,300149,-0.05164231998930001
7,0,300150,-0.0486642096755
8,0,300151,-0.0507322843516
9,0,300152,-11.4326307439
10,0,300153,-0.0505803067442
11,0,300154,-0.051420879057099994
12,0,300155,-0.0492597448749
13,0,300156,-0.0466372436056
14,0,300157,-0.0431706355984
15,0,300159,-0.0519340348612
16,0,300160,-0.0446110505237
17,0,300161,-0.048262505661300005
18,0,300162,-0.049319101736300004
19,0,300164,-0.046335605255
20,0,300165,-0.044304770019500006
21,0,300167,-0.047336363470900006
22,0,300168,-0.0494279685663
23,0,300170,-0.04751205084269999
24,0,300171,-0.048891656385500006
25,0,300172,-0.125537603081
26,0,300173,-0.0508333649225
27,0,300174,-0.0356588209314
28,0,300177,-0.0497610321994
29,0,300178,-0.047833824819999995
30,0,300181,-0.0456913222496
31,0,300182,-0.0509627388924
32,0,300183,-0.048815441484300004
33,0,300185,-0.0388502194116
34,0,300187,-0.0458614335301
35,0,300188,-0.041928044776400004
36,0,300191,-0.0435153174259
37,0,300192,-0.0312956436233
38,0,300193,-0.0426365831235
39,0,300194,-0.0511388876645
40,0,300195,-0.021465823772400004
41,0,300196,-0.052520562712
42,0,300197,-0.0423383402144
43,0,300198,-0.0438480596038
44,0,300200,-0.0500772442494
45,0,300201,-0.035774859685499996
46,0,300202,-0.050997025845599994
47,0,300203,-0.045586406641699995
48,0,300204,-0.054047120737699995
49,0,300205,-0.0460796284337
0,0,300206,-0.0463390494899
1,0,300207,-0.0434357994735
2,0,300208,-0.046809342347900004
3,0,300209,-0.044312296092099995
4,0,300210,-0.037460399802099996
5,0,300211,-0.045358784121300004
6,0,300212,-0.0356043621685
7,0,300213,-0.0479235694596
8,0,300214,-0.0359662033062
9,0,300215,-0.040077150270699996
10,0,300216,-0.049025266558800004
11,0,300217,-0.0466049352388
12,0,300218,0.7755796221600001
13,0,300220,-0.0346998873289
14,0,300221,-0.048651184480800004
15,0,300222,-0.0511587052332
16,0,300224,-0.0543721002434
17,0,300225,-0.046976336322
18,0,300226,-0.033810252934900004
19,0,300228,-0.0470138654736
20,0,300229,-0.050499368915900004
21,0,300230,-0.048509488099800005
22,0,300231,-0.0445417962082
23,0,300232,-0.0348746220358
24,0,300233,-0.0523634819198
25,0,300234,-0.04414070071909999
26,0,300235,-0.0432862398328
27,0,300236,-0.05017311108130001
28,0,300237,-0.041370218966199995
29,0,300239,-0.049617683618199994
30,0,300240,-0.0475014653537
31,0,300241,-0.0417758195949
32,0,300242,-0.0153921497068
33,0,300243,-0.04772145416180001
34,0,300244,-0.0515444105946
35,0,300245,-0.044747835616100004
36,0,300246,-0.0440779187076
37,0,300247,-0.0331357693217
38,0,300248,-0.047436626835599995
39,0,300249,-0.0467976452325
40,0,300250,-0.0459530702763
41,0,300252,-0.051244372702
42,0,300253,-0.0503248378833
43,0,300254,-0.0450424289095
44,0,300255,-0.0525282279606
45,0,300257,-0.05326874187819999
46,0,300258,-0.052466910421000004
47,0,300260,-0.0448428304087
48,0,300261,-0.054132335331100005
49,0,300263,-0.047127781455199996
0,0,300265,-0.0454248196148
1,0,300266,-0.049050482397300005
2,0,300267,-0.05417534655569999
3,0,300268,-0.0495070977644
4,0,300269,-0.048781260346800005
5,0,300271,-0.0506673872335
6,0,300272,-0.0450854929574
7,0,300274,-0.05069527496640001
8,0,300275,-0.040204040968199996
9,0,300277,-0.052439056709
10,0,300278,-0.0441745425254
11,0,300279,-0.0488401942469
12,0,300280,-0.052501685384
13,0,300282,-0.0498914200185
14,0,300283,-0.04282767707830001
15,0,300284,-0.045571388649900006
16,0,300286,-0.049274956260599995
17,0,300287,-0.045659674407800006
18,0,300288,-0.0509344583775
19,0,300289,-0.051908992594999995
20,0,300291,-0.053391356769199996
21,0,300292,0.146550726465
22,0,300294,-0.0499999548345
23,0,300297,-0.0525972502888
24,0,300298,-0.051351915326500006
25,0,300301,-0.0503503903185
26,0,300302,-0.044246783260699994
27,0,300303,-0.0634360476921
28,0,300304,-0.0529692973536
29,0,300305,-0.04941453950730001
30,0,300307,-0.052494408603300007
31,0,300312,-0.04517050956730001
32,0,300313,-0.047539196550199996
33,0,300314,-0.047421037925899995
34,0,300315,-0.047785816514099994
35,0,300317,-0.037074681290300004
36,0,300318,-0.0482822853313
37,0,300319,-0.0401372207764
38,0,300320,-0.051124964403599996
39,0,300321,-0.047542743273
40,0,300322,-0.041920275606499996
41,0,300324,-0.0525263108026
42,0,300325,-0.0448585540216
43,0,300326,-0.0543558301613
44,0,300327,-0.047856846658199996
45,0,300328,-0.0515833711244
46,0,300329,-0.030458935543599998
47,0,300330,-0.0459026112315
48,0,300331,2592.64284192
49,0,300332,-0.0379599095708
0,0,300333,-0.04765112741230001
1,0,300335,-0.0456227548649
2,0,300336,-0.0495783486931
3,0,300337,-0.04422971786169999
4,0,300339,-0.0531315302367
5,0,300343,-0.049767358534
6,0,300344,-0.034760139047199996
7,0,300345,-0.0358722294993
8,0,300346,-0.049754377568399996
9,0,300347,-0.052135983030699995
10,0,300348,-0.0440505256264
11,0,300349,-0.029549324909299998
12,0,300350,-0.0388685754467
13,0,300352,-0.04285625939669999
14,0,300354,-0.050410844536600004
15,0,300355,3689500.89093
16,0,300356,-0.047159363093499995
17,0,300358,-0.0481707858765
18,0,300360,-0.0477544498047
19,0,300362,0.037130596327699994
20,0,300363,-0.050807423020099995
21,0,300364,-0.0439953345424
22,0,300367,-0.051103530471599996
23,0,300368,-0.0452522291979
24,0,300369,-0.0495824929611
25,0,300370,-0.032753936780000006
26,0,300371,-0.04312924084980001
27,0,300373,-0.0437482945648
28,0,300375,-0.043618309721
29,0,300376,-0.0477459674134
30,0,300377,-0.043822990026699996
31,0,300378,-0.049366613333
32,0,300379,-0.038826635972
33,0,300380,-0.097387630432
34,0,300381,86.0440257975
35,0,300382,-0.037597234805600004
36,0,300383,-0.0492794386865
37,0,300384,-0.0487481185041
38,0,300385,-0.046003600864900004
39,0,300386,-0.034853581768
40,0,300387,-0.0416519353539
41,0,300388,-0.157478337857
42,0,300390,-0.040186279008
43,0,300391,-0.0584258005366
44,0,300392,-0.0483410690756
45,0,300393,-0.042912055892400006
46,0,300394,-0.04327695072650001
47,0,300395,-0.048727987744199994
48,0,300396,-0.045398953583199994
49,0,300399,-0.058980122555
0,0,300400,-0.029204309469900002
1,0,300401,-0.0352231788249
2,0,300403,-0.0369813583224
3,0,300404,-0.0483507484156
4,0,300405,-0.0349635467044
5,0,300406,-0.049174973582499996
6,0,300407,-0.0499570377228
7,0,300409,-0.024030047965799998
8,0,300410,-0.035855692139499996
9,0,300415,-0.0484358345278
10,0,300418,-0.0495112373437
11,0,300419,-0.048141662924199996
12,0,300420,-0.0469087386161
13,0,300421,-0.055535628851300006
14,0,300425,-0.055293716817199995
15,0,300426,-0.049025551972199995
16,0,300428,-0.022461792206999998
17,0,300430,-0.04697853541230001
18,0,300432,-0.043302299176900004
19,0,300433,-0.048392992459699996
20,0,300435,-0.04803787854159999
21,0,300437,-0.0485597082556
22,0,300438,-0.0495832987199
23,0,300439,-0.0490680153839
24,0,300440,-0.0418457682581
25,0,300441,-0.06622016244699999
26,0,300442,-0.050605264843899996
27,0,300443,-0.0503784728952
28,0,300444,-0.014870210991499998
29,0,300445,-0.03923998786190001
30,0,300448,-0.04633575910419999
31,0,300449,-0.04724452900809999
32,0,300450,-0.0434254016701
33,0,300451,-0.0486544548866
34,0,300452,-0.045189446045699994
35,0,300453,-0.0466155218609
36,0,300455,-0.044517645165900004
37,0,300456,-0.05198580920919999
38,0,300457,-0.044443069094599996
39,0,300459,115144.236326
40,0,300460,-0.0379488540209
41,0,300462,-0.0480696093817
42,0,300464,-0.043759650624599994
43,0,300467,-0.0509921022468
44,0,300468,-0.0457773674414
45,0,300469,-0.0431468437125
46,0,300470,-0.0487207934533
47,0,300471,-0.0520280606832
48,0,300473,-0.0409662088345
49,0,300474,-0.032928733128900003
0,0,300475,-0.043441252495099995
1,0,300476,-0.05257036487
2,0,300478,-0.0403228281335
3,0,300479,-0.0467655146857
4,0,300480,-0.0435065165869
5,0,300481,-54.1732420728
6,0,300483,-0.0407335021128
7,0,300484,-0.0447543217043
8,0,300485,-0.0463644895718
9,0,300486,-0.0467782058435
10,0,300487,-0.0343410176186
11,0,300489,-0.042044292325300006
12,0,300490,-0.04413004242100001
13,0,300491,-0.0433026467054
14,0,300492,-0.0408222316755
15,0,300493,-0.0518530520225
16,0,300494,-0.045804244395699995
17,0,300495,8718.79012858
18,0,300496,-0.0404371205956
19,0,300497,-0.0336613277653
20,0,300498,-0.051708648968599995
21,0,300499,-4.36497160551
22,0,300500,-0.43674534119099995
23,0,300501,0.335615300555
24,0,300502,-0.0206791620564
25,0,300503,-0.12123512849300001
26,0,300505,0.0423887439028
27,0,300506,76034.0291249
28,0,300507,-0.0402433352196
29,0,300508,-0.06416740622740001
30,0,300509,-0.023982016378099998
31,0,300511,-0.0432346702783
32,0,300512,218.53521706599997
33,0,300513,3.4067326951
34,0,300515,-0.0347272571184
35,0,300516,-0.0378216082334
36,0,300517,1.77931834963
37,0,300518,-0.19452425017
38,0,300519,-0.0937215494413
39,0,300520,751844.414591
40,0,300521,-1142.36464025
41,0,300522,27366118.926999997
42,0,300523,173.74527760799998
43,0,300525,415607.811188
44,0,300527,506.022600337
45,0,300528,302975681.017
46,0,300529,-53.2178030955
47,0,300530,13961060822.6
48,0,300531,-100423619.37200001
49,0,300533,-67727.9019232
0,0,300535,1233114.61779
1,0,300537,-0.0499914932724
2,0,300538,-0.0499251795185
3,0,300539,-0.0500143571211
4,0,300540,-5.3523568062999995
5,0,600000,-0.052732992998900004
6,0,600006,-0.0491817886699
7,0,600007,-0.0537991833648
8,0,600008,-0.0461769226118
9,0,600009,-0.0526978180614
10,0,600010,-0.0528023930447
11,0,600011,-0.0528412699439
12,0,600012,-0.0545582307117
13,0,600015,-0.0537160032054
14,0,600016,-0.0528441103915
15,0,600017,-0.052913607470899994
16,0,600018,-0.05282987011609999
17,0,600020,-0.052913467443599996
18,0,600022,-0.0534397464751
19,0,600023,-0.052097095536400004
20,0,600026,-0.0515393132301
21,0,600027,-0.05422270698969999
22,0,600028,-0.05325826937530001
23,0,600029,-0.053210168070300004
24,0,600030,-0.052925828528699995
25,0,600031,-0.0521033296409
26,0,600033,-0.05298900732890001
27,0,600035,-0.0532993746814
28,0,600036,-0.05328525264449999
29,0,600037,-0.0515955061745
30,0,600038,-0.0525468914676
31,0,600039,-0.0504081261008
32,0,600048,-0.0521081670445
33,0,600050,-0.053164861599900005
34,0,600051,-0.047171139248
35,0,600052,-0.051071810118699996
36,0,600054,-0.041112463187
37,0,600055,-0.0468587054625
38,0,600056,-0.051926310025000005
39,0,600057,-0.052298586021300005
40,0,600058,-0.053726593162
41,0,600059,-0.0525016663926
42,0,600060,-0.052249898493800004
43,0,600062,-0.0522349940005
44,0,600063,-0.0532206826479
45,0,600064,-0.0517765072265
46,0,600066,-0.0529301255071
47,0,600067,-0.051911217955400005
48,0,600068,-0.048862214415100004
49,0,600069,-0.043384854508999995
0,0,600070,-0.0522014231965
1,0,600072,-0.0510087975709
2,0,600073,-0.050607452201
3,0,600074,-0.0489732699854
4,0,600075,-0.04819918132519999
5,0,600076,-0.04984764678880001
6,0,600077,-0.037694205033499996
7,0,600078,-0.0402088476449
8,0,600080,-0.0460625743646
9,0,600081,-0.0519573643388
10,0,600082,-0.0452187915159
11,0,600083,-0.0513252521648
12,0,600084,-0.045046006954
13,0,600085,-0.0525624315847
14,0,600086,-0.050423298852900006
15,0,600090,-0.054036169693800006
16,0,600093,-0.0424839891779
17,0,600094,-0.0504082703815
18,0,600095,-0.049843524696300004
19,0,600096,-0.0532005158244
20,0,600097,-0.0401503766553
21,0,600098,-0.0501894407112
22,0,600099,-0.0525001345041
23,0,600100,-0.0501156956673
24,0,600101,-0.0474005930027
25,0,600103,-0.0496413264953
26,0,600104,-0.0532398257864
27,0,600105,-0.0467634384114
28,0,600106,-0.0515593876074
29,0,600107,-0.052396373040899995
30,0,600108,-0.04836023345380001
31,0,600109,-0.05209899212809999
32,0,600111,-0.0532256809093
33,0,600112,-0.0434913524099
34,0,600113,-0.0409133867111
35,0,600114,-0.0537283485482
36,0,600115,-0.05422870598519999
37,0,600116,-0.05322223728159999
38,0,600117,-0.05149408072980001
39,0,600118,-0.0526118837599
40,0,600119,-0.0439723992662
41,0,600120,-0.0467791530392
42,0,600121,-0.051964499007599994
43,0,600122,-0.05131350781280001
44,0,600123,-0.05000785036230001
45,0,600125,-0.0504692263365
46,0,600126,-0.0336540060943
47,0,600127,-0.0469953343449
48,0,600128,-0.0385600219017
49,0,600129,-0.0497510014681
0,0,600130,-0.045752056740800004
1,0,600131,-0.043917706551599996
2,0,600132,-0.052549730565
3,0,600133,-0.03936793322940001
4,0,600135,-0.0479638537234
5,0,600136,-0.0514517365074
6,0,600137,-0.0343163774966
7,0,600138,-0.0475673020059
8,0,600139,-0.052014484834699996
9,0,600141,-0.035566641458
10,0,600143,-0.0524497865355
11,0,600148,-0.0379094631288
12,0,600149,45.9843087473
13,0,600150,-0.0533820061317
14,0,600151,-0.0525962106209
15,0,600152,15.2202368863
16,0,600153,-0.0518256231064
17,0,600155,-0.044435504505199994
18,0,600156,-0.0508772426056
19,0,600157,-0.0528920937821
20,0,600158,-0.0505635626778
21,0,600159,-0.043157619739300004
22,0,600160,-0.0510278436918
23,0,600162,-0.052522458459
24,0,600163,-0.052498922090999996
25,0,600165,-0.05170367598569999
26,0,600166,-0.0519481797126
27,0,600167,-0.0523099084384
28,0,600169,-0.0515175379782
29,0,600170,-0.0508951256801
30,0,600171,-0.0518419890099
31,0,600172,-0.042346027089300006
32,0,600175,-0.0492951859633
33,0,600176,-0.05180996800149999
34,0,600177,-0.053223549747400005
35,0,600178,-0.0442431909171
36,0,600179,-0.053866941049499996
37,0,600180,-0.05399052938999999
38,0,600183,-0.0322979643244
39,0,600184,-0.0538818716472
40,0,600185,-0.0530902260016
41,0,600186,-0.048837599407800004
42,0,600187,2638208.58702
43,0,600188,-0.0543107927726
44,0,600190,-0.0541101876922
45,0,600191,-0.0528260115701
46,0,600192,-0.051645946448599996
47,0,600193,-0.050632751736
48,0,600195,-0.050635585487699995
49,0,600196,-0.0522671053624
0,0,600197,-0.051260345733400006
1,0,600198,-0.048889681061
2,0,600199,-0.046952518291
3,0,600200,-0.050034340815399994
4,0,600201,-0.0522082895484
5,0,600202,-0.043247971435000004
6,0,600203,-0.0458644361587
7,0,600206,-0.049862429056599995
8,0,600207,-0.0532474064411
9,0,600208,-0.0528387822028
10,0,600210,-0.0435063663849
11,0,600211,-0.0475017338397
12,0,600213,-0.046198072331099994
13,0,600215,-0.0468784245698
14,0,600216,-0.045561821353400006
15,0,600217,-0.04397542445719999
16,0,600218,-0.039491370150900006
17,0,600220,-0.0521513336274
18,0,600221,-0.053078771388
19,0,600222,-0.0507847178835
20,0,600223,-0.0508760320521
21,0,600225,-0.052469911037
22,0,600226,-0.0526063644377
23,0,600227,-0.041739608747
24,0,600228,-0.044935252094599996
25,0,600229,-0.05108904266369999
26,0,600230,-0.050914941782200004
27,0,600231,-0.051759250142599994
28,0,600232,-0.0516917244157
29,0,600233,-0.0476264954191
30,0,600234,-0.051123818479199994
31,0,600235,-0.0478895150648
32,0,600236,-0.052769743450999995
33,0,600237,-0.065063002491
34,0,600238,-0.0501597230745
35,0,600239,-0.048197595406499996
36,0,600240,-0.0515499137325
37,0,600241,-0.047853192175599996
38,0,600243,-0.0475814571134
39,0,600246,-0.053046656359199994
40,0,600247,-0.0472590155857
41,0,600248,-0.044844906586300005
42,0,600249,-0.047820340017599994
43,0,600250,-0.046729679343099996
44,0,600251,-0.0493609221305
45,0,600252,-0.052450818844800004
46,0,600256,-0.052984390728
47,0,600257,-0.042762712546199996
48,0,600258,-0.0452221033985
49,0,600259,-0.0488898780124
0,0,600260,-0.0451024023307
1,0,600261,-0.047408360573699994
2,0,600262,-0.0512161563739
3,0,600265,-0.053547351674300005
4,0,600266,-0.051556555744799996
5,0,600268,-0.050234793889800004
6,0,600269,-0.05286481453649999
7,0,600270,-0.0526245022083
8,0,600271,-0.0518688736861
9,0,600272,-0.045526033085699996
10,0,600273,-0.045679885368300005
11,0,600275,-0.0380744985306
12,0,600276,-0.05325565834919999
13,0,600277,-0.051632321455
14,0,600279,-0.0537040779938
15,0,600280,-0.0521440978091
16,0,600282,-0.053128394501
17,0,600283,-0.038925872083900005
18,0,600284,-0.0506732325591
19,0,600285,-0.047332698975200004
20,0,600287,-0.04643893456619999
21,0,600288,-0.0444102576172
22,0,600289,-0.0428754970473
23,0,600290,-0.048577406374
24,0,600291,-0.052990944471199994
25,0,600292,-0.0412331767596
26,0,600293,-0.046030993421099994
27,0,600295,-0.05286038331730001
28,0,600297,-0.0487753934361
29,0,600298,-0.0533218993952
30,0,600299,-0.0532545617483
31,0,600300,-0.0530498723992
32,0,600302,-0.0475907713649
33,0,600303,-0.04426497670440001
34,0,600305,-0.051778836103499995
35,0,600307,-0.0529768442624
36,0,600308,-0.052050810936599995
37,0,600309,-0.0522596550449
38,0,600311,-0.050047722794300004
39,0,600312,-0.0508753798037
40,0,600315,-0.05291024720319999
41,0,600316,-0.0528764630435
42,0,600317,-0.05477065598999999
43,0,600320,-0.0527791726478
44,0,600322,-0.043493627859399996
45,0,600323,-0.0482058202966
46,0,600325,-0.046503446358199994
47,0,600326,-0.0479686419522
48,0,600327,-0.052203851489500006
49,0,600328,-0.050602021737099996
0,0,600329,-0.052735900407
1,0,600331,-0.0489773508911
2,0,600332,-0.053425081382499996
3,0,600333,-0.0524215026625
4,0,600335,-0.050629578803
5,0,600336,-0.039356578213900005
6,0,600338,-0.039348915416000003
7,0,600340,-0.0521962357517
8,0,600343,-0.040106432267
9,0,600345,-0.041445237744199996
10,0,600348,-0.0522816684225
11,0,600351,-0.052963069537500004
12,0,600352,-0.05226462314730001
13,0,600353,-0.021174523863
14,0,600354,-0.0418593337045
15,0,600355,-0.029867450744599996
16,0,600356,-0.0513279707327
17,0,600358,-0.045630928878100004
18,0,600359,-0.05045235385559999
19,0,600360,-0.0495447392177
20,0,600361,-0.050545299119699995
21,0,600362,-0.052796507381999994
22,0,600363,-0.0506769129072
23,0,600365,-0.039249504546800006
24,0,600366,-0.0479851290972
25,0,600367,-0.04277700528080001
26,0,600368,-0.0500644376018
27,0,600369,-0.0539674382882
28,0,600370,-0.0512300575772
29,0,600371,-0.050942179194199994
30,0,600372,-0.0536258731489
31,0,600373,-0.053246530585
32,0,600375,-0.0464622282988
33,0,600376,-0.052361582669099994
34,0,600377,-0.0531982937324
35,0,600378,-0.0529232255423
36,0,600379,-0.050517302719099995
37,0,600380,-0.0399282099896
38,0,600381,-0.04692265910130001
39,0,600382,-0.047412926584
40,0,600383,-0.0516922743843
41,0,600385,-0.040822832805499996
42,0,600386,-0.052430430699399996
43,0,600387,-0.052049609781
44,0,600388,-0.05003921701069999
45,0,600389,-0.0304533140597
46,0,600390,-0.051516159466900004
47,0,600391,-0.0496130795927
48,0,600392,-0.040162346700599996
49,0,600393,-0.0515402798912
0,0,600395,-0.049576078781199996
1,0,600396,-0.05163486604169999
2,0,600398,-0.053370900494099996
3,0,600399,-0.0504734520247
4,0,600401,-0.0519057408371
5,0,600403,-0.0522663499419
6,0,600405,-0.0490048865193
7,0,600406,-0.051398106453800003
8,0,600409,-0.0527047735079
9,0,600410,-0.047165029401
10,0,600415,-0.0517200463848
11,0,600416,-0.0505939872471
12,0,600419,-0.046683850714999996
13,0,600421,-0.0479722913109
14,0,600422,-0.048480005350199994
15,0,600423,-0.0368604813969
16,0,600425,-0.0439068688741
17,0,600426,-0.0514478420088
18,0,600428,-0.053088451245900004
19,0,600429,-0.0521929370889
20,0,600432,-0.0527931601425
21,0,600433,-0.0514851385444
22,0,600435,-0.0513870980586
23,0,600436,-0.052898506876099996
24,0,600438,-0.0528086968592
25,0,600439,-0.0415864318217
26,0,600446,-0.048917136045199996
27,0,600448,-0.0464427847369
28,0,600449,-0.04830012142469999
29,0,600452,-0.05279206465919999
30,0,600456,-0.052023136296699996
31,0,600458,-0.051948247011199995
32,0,600459,-0.043930486143800004
33,0,600460,-0.05128385959290001
34,0,600461,-0.047032036737900004
35,0,600462,-0.043375281820099996
36,0,600463,-0.050323023627300005
37,0,600466,-0.0510325520603
38,0,600467,-0.05066483461759999
39,0,600468,-0.049202957200100005
40,0,600469,-0.0535217478773
41,0,600470,-0.0446119606783
42,0,600475,-0.278235096619
43,0,600476,-0.0513653130552
44,0,600477,-0.027030879420599997
45,0,600478,-0.052459084577800005
46,0,600479,-0.0498064085265
47,0,600481,-0.0511081554593
48,0,600482,-0.04765284005559999
49,0,600483,-0.0461766567159
0,0,600486,-0.05309927080040001
1,0,600488,-0.0529484859992
2,0,600489,-0.0505447796932
3,0,600490,-0.04854965442840001
4,0,600491,-0.035632375997599997
5,0,600493,-0.042955830728
6,0,600495,-0.0503422257451
7,0,600496,-0.045861999756699995
8,0,600497,-0.044714986374900005
9,0,600498,-0.0485015883892
10,0,600500,-0.0535650611531
11,0,600501,-0.051950178336
12,0,600502,-0.043805456893800006
13,0,600503,-0.0268281293677
14,0,600505,-0.049863002540499995
15,0,600507,-0.0525308986702
16,0,600508,-0.0524679691177
17,0,600509,-0.0527263009153
18,0,600510,-0.049248981907
19,0,600511,-0.05004426953430001
20,0,600512,-0.0383711876644
21,0,600513,-0.04005540318569999
22,0,600515,-0.053111904594300006
23,0,600516,-0.028081960249299997
24,0,600517,-0.0339799699727
25,0,600518,-0.0524935057213
26,0,600519,-0.0530244936
27,0,600520,-0.0504958028244
28,0,600521,-0.0527679336451
29,0,600522,-0.04726035692430001
30,0,600523,-0.0518885643873
31,0,600525,-0.0534361457464
32,0,600526,-0.0680635366074
33,0,600527,-0.049508006887300005
34,0,600528,-0.0508484129815
35,0,600529,-0.047258514328
36,0,600530,-0.048496735111
37,0,600531,-0.0448574086642
38,0,600532,-0.0515161626838
39,0,600533,-0.051530442527300005
40,0,600535,-0.05156133754700001
41,0,600536,-0.048084906981
42,0,600537,-0.04814578572580001
43,0,600539,-0.052071362378599995
44,0,600546,-0.0519087830322
45,0,600547,-0.0498713762352
46,0,600548,-0.0541865216457
47,0,600549,-0.0518267377752
48,0,600550,-0.053516220333099995
49,0,600551,-0.051467751584
0,0,600555,-0.04081110383019999
1,0,600557,-0.0525748392242
2,0,600558,-0.0486430209297
3,0,600559,-0.0524341963387
4,0,600560,-0.0433282377199
5,0,600561,-0.0487409312441
6,0,600562,-0.051145215438800004
7,0,600563,-0.047832605319800006
8,0,600565,-0.0377555217799
9,0,600566,-0.050399712511
10,0,600567,-0.0509063558473
11,0,600568,-0.04807516711590001
12,0,600569,-0.05192190865230001
13,0,600570,-0.047542194222099994
14,0,600571,-0.0494127358574
15,0,600572,-0.05198513523659999
16,0,600573,-0.051116009646300004
17,0,600575,-0.0531103184671
18,0,600580,-0.0526864035075
19,0,600581,-0.04740920672209999
20,0,600582,-0.052925234853
21,0,600583,-0.05312615851
22,0,600584,-0.0397139290412
23,0,600585,-0.053281712730400006
24,0,600586,-0.0495396761549
25,0,600588,-0.0517188102281
26,0,600590,-0.046514360109199994
27,0,600592,-0.050625190413199996
28,0,600593,-0.046598360633800004
29,0,600594,-0.0510866126921
30,0,600595,-0.052363181519400004
31,0,600597,-0.053009485191900005
32,0,600598,-0.052730976820999996
33,0,600600,-0.05121565574419999
34,0,600601,-0.04877957191880001
35,0,600602,-0.050973093448599995
36,0,600603,-0.0480356980095
37,0,600604,-0.051917358725300004
38,0,600605,-0.04562312246719999
39,0,600606,-0.0470237384566
40,0,600608,-0.0492963525717
41,0,600609,-0.0443036943013
42,0,600610,-0.047141567874800006
43,0,600611,-0.05240240209969999
44,0,600612,-0.05293042216519999
45,0,600613,-0.052435944889799996
46,0,600615,-0.050802896149699996
47,0,600616,-0.051204000099300005
48,0,600617,-0.0509854876117
49,0,600618,-0.0536891289635
0,0,600619,-0.051048923010999996
1,0,600620,-0.047043885168900006
2,0,600622,-0.050949616167699996
3,0,600623,-0.05321616544319999
4,0,600626,-0.051914744290199995
5,0,600628,-0.050748824706800005
6,0,600629,-0.052089427430300005
7,0,600630,-0.0502194170519
8,0,600633,-0.052504127932199995
9,0,600635,-0.05215471870419999
10,0,600638,-0.05183507348
11,0,600639,-0.051933719117199996
12,0,600640,-0.0484662076375
13,0,600641,-0.0550500449407
14,0,600642,-0.0544427700625
15,0,600643,-0.0505305165263
16,0,600644,-0.0438061058114
17,0,600645,-0.0508793086754
18,0,600647,-0.0511427540316
19,0,600648,-0.051649219872599995
20,0,600650,-0.0522744555165
21,0,600652,-0.0504870761913
22,0,600654,-0.0402423626832
23,0,600655,-0.0535568600643
24,0,600657,-0.0524690980064
25,0,600658,-0.0536855691809
26,0,600660,-0.052625286846099996
27,0,600661,-0.05010718629369999
28,0,600662,-0.0479813694451
29,0,600663,-0.05171244104119999
30,0,600664,-0.0525909106497
31,0,600665,-0.0520536275636
32,0,600666,-0.05159515537280001
33,0,600667,-0.0502272398157
34,0,600668,-0.04904997791
35,0,600673,-0.053397798467
36,0,600674,-0.053615576363599995
37,0,600676,-0.05325217955580001
38,0,600677,-0.0341618912768
39,0,600678,-1.01724685892
40,0,600679,-0.0368510173993
41,0,600680,-0.0516767019599
42,0,600681,-0.0489027431836
43,0,600683,-0.0539493842147
44,0,600684,-0.0514448061717
45,0,600685,-0.0512942363084
46,0,600686,-0.0544711729808
47,0,600688,-0.053253735440800004
48,0,600689,-0.04551459647390001
49,0,600690,-0.053572907767500004
0,0,600691,-0.051221381323800004
1,0,600692,-0.046658996245
2,0,600693,-0.0424416282718
3,0,600694,-0.05256990569950001
4,0,600695,-0.053903429041800004
5,0,600697,-0.05262430617330001
6,0,600698,-0.0470154501717
7,0,600699,-0.0499913204266
8,0,600701,-0.051754354462199996
9,0,600702,-0.0504497491564
10,0,600704,-0.0451900682823
11,0,600705,-0.0496961605134
12,0,600706,-0.0407010691969
13,0,600707,-0.0469398521445
14,0,600708,-0.051780007947199995
15,0,600711,-0.04767310177080001
16,0,600712,-0.0512408164539
17,0,600713,-0.053385837520099996
18,0,600714,-0.0521237817829
19,0,600716,-0.0517714854043
20,0,600717,-0.05291281490730001
21,0,600718,-0.0512417934217
22,0,600719,-0.050905377844599996
23,0,600720,-0.04900084642350001
24,0,600721,-0.05242713988480001
25,0,600722,-0.051079617655800005
26,0,600723,-0.054467557166099995
27,0,600724,-0.0534603767479
28,0,600725,-0.052273359762399996
29,0,600726,-0.053659377237599996
30,0,600727,-0.0497124079849
31,0,600728,-0.0412599517215
32,0,600730,-0.0519650377493
33,0,600731,-0.0485565715632
34,0,600734,68999.9688273
35,0,600736,-0.0494529949005
36,0,600738,-0.039445847963400005
37,0,600739,-0.049659857808999994
38,0,600740,-0.042173246651
39,0,600741,-0.05338727850049999
40,0,600742,-0.051791564247500005
41,0,600743,-0.051914115753
42,0,600744,-0.0597225001385
43,0,600745,-0.0517825269335
44,0,600746,-0.0321549623857
45,0,600747,-0.0461578121496
46,0,600748,-0.052419530436699995
47,0,600749,-0.041272193940499996
48,0,600750,-0.0504851397935
49,0,600751,-0.05201787115519999
0,0,600754,-0.053415072207300004
1,0,600755,-0.0515113212027
2,0,600756,-0.0453679584547
3,0,600757,-0.05076884683669999
4,0,600758,-1147.90585284
5,0,600761,-0.051855144467099996
6,0,600763,-0.05267164069630001
7,0,600765,-0.0518852406563
8,0,600766,-0.040600215038
9,0,600767,-0.045404145284599996
10,0,600769,-0.0518816160857
11,0,600770,-0.052018736748099995
12,0,600774,-0.0317574378061
13,0,600775,-0.05288576542830001
14,0,600776,-0.0449613604262
15,0,600777,-0.04937367589930001
16,0,600779,-0.0518527305679
17,0,600780,-0.05136323463269999
18,0,600781,-0.046262393817900004
19,0,600782,-0.051303809722800006
20,0,600783,-0.0497583923828
21,0,600784,-0.049108984927000006
22,0,600785,-0.053273694626099995
23,0,600787,-0.052462079087800005
24,0,600789,0.22572116439
25,0,600790,-0.051185877566599994
26,0,600791,-0.047795483549499994
27,0,600792,-0.0512592097712
28,0,600793,-0.052739759820999994
29,0,600794,-0.050839851385900005
30,0,600795,-0.0527634117275
31,0,600797,-0.04841238116169999
32,0,600800,-0.04636112574659999
33,0,600801,-0.050559759920199995
34,0,600802,-0.0403013078645
35,0,600803,-0.0525309088017
36,0,600804,-0.05088664063130001
37,0,600806,-0.0479067095486
38,0,600807,-0.0424634239277
39,0,600808,-0.0537183912215
40,0,600809,-0.053117538065
41,0,600810,-0.0506045021045
42,0,600811,-0.05194546560050001
43,0,600812,-0.0529715604837
44,0,600814,-0.0504184907812
45,0,600815,-0.050787991195099996
46,0,600816,-0.0514010717627
47,0,600818,-0.0516495357443
48,0,600819,-0.051501673198300006
49,0,600820,-0.044807542762799996
0,0,600822,-0.0520324653249
1,0,600824,-0.0521102776375
2,0,600825,-0.0514476648801
3,0,600826,-0.052942931045399995
4,0,600827,-0.0528892240116
5,0,600828,-0.0528959891512
6,0,600829,-0.0516373959004
7,0,600830,-0.024979393318500003
8,0,600831,-0.0520342715536
9,0,600833,-0.04999240323509999
10,0,600834,-0.051138027259099994
11,0,600835,-0.0531531851214
12,0,600836,-0.05090743606650001
13,0,600837,-0.052658455489099996
14,0,600838,0.160138824268
15,0,600839,-0.052114616138500006
16,0,600841,-0.0532883664124
17,0,600843,-0.0526518781893
18,0,600845,-0.0517317819778
19,0,600846,-0.04580658316840001
20,0,600850,-0.0539503261534
21,0,600851,-0.05208632763280001
22,0,600853,3.68622597632
23,0,600854,-0.05149497800009999
24,0,600855,-0.05017010349209999
25,0,600857,-0.050825165637499996
26,0,600858,-0.055079178525599994
27,0,600859,-0.052664497730300006
28,0,600860,-0.0501245055013
29,0,600861,-0.049797730985000004
30,0,600862,-0.053189555331499994
31,0,600863,-0.053464817703300006
32,0,600864,-0.0536058345797
33,0,600865,-0.05097334329059999
34,0,600867,-0.05297698202409999
35,0,600868,-0.04828769840390001
36,0,600869,-0.0525579331662
37,0,600870,-0.0506066821939
38,0,600872,-0.0515229847823
39,0,600873,-0.0516727982534
40,0,600875,-0.0533812954669
41,0,600877,-0.045772301615000004
42,0,600880,-0.0482336199231
43,0,600882,-0.0525585857422
44,0,600883,-0.0510617172544
45,0,600884,-0.0465478325614
46,0,600886,-0.052519369448100005
47,0,600887,-0.052745156512099996
48,0,600888,-0.047210520170099995
49,0,600889,-0.0483356028996
0,0,600891,-0.044656427589
1,0,600892,-0.0509230312631
2,0,600893,-0.052724434081499995
3,0,600894,-0.05275898573
4,0,600895,-0.0524614727884
5,0,600897,-0.052602591493
6,0,600900,-0.053086855035499994
7,0,600917,-0.0230049049157
8,0,600919,-0.0361331678161
9,0,600936,-14.4992934548
10,0,600958,-0.053805943236499995
11,0,600959,-0.053225247724900004
12,0,600960,-0.0503347768246
13,0,600961,-0.052877188968000005
14,0,600962,-0.030382382483
15,0,600963,-0.0487009792888
16,0,600965,-0.0458879690446
17,0,600966,-0.049555474678800004
18,0,600967,-0.0507355963011
19,0,600969,-0.0489723259453
20,0,600970,-0.0522489999923
21,0,600971,-0.0502789807547
22,0,600973,-0.050668844479
23,0,600975,-0.0469594170533
24,0,600976,-0.0447488239475
25,0,600977,-0.00662823538589
26,0,600978,-0.049120407117800004
27,0,600979,-0.0398916932141
28,0,600980,-0.048727783749400004
29,0,600981,-0.043873612169199994
30,0,600982,-0.0476431989945
31,0,600983,-0.053160522536500006
32,0,600984,-0.052371166135300004
33,0,600985,-0.0477913423689
34,0,600987,-0.0484734510943
35,0,600988,-0.0473068036063
36,0,600990,-0.0532750532866
37,0,600992,-0.048525965685800004
38,0,600993,-0.05080495669480001
39,0,600995,-0.0469516192078
40,0,600997,-0.0502478351358
41,0,600998,-0.050353297969199996
42,0,600999,-0.052092843089300005
43,0,601000,-0.053287099974100006
44,0,601001,-0.050969698822
45,0,601002,-0.0599815867107
46,0,601003,-0.054019926253000006
47,0,601006,-0.052957200504999996
48,0,601007,-0.047916720099800005
49,0,601008,-0.05360813196409999
0,0,601009,-0.0531351013689
1,0,601012,-0.0517603671807
2,0,601015,-0.050124281543800005
3,0,601016,-0.053338092023599994
4,0,601018,-0.0532064077201
5,0,601020,74.5565099917
6,0,601021,-0.052415166470999995
7,0,601028,-0.0440225489786
8,0,601038,-0.049820452767400006
9,0,601058,-0.0431707847838
10,0,601069,-0.0352762298805
11,0,601088,-0.0529839182716
12,0,601098,-0.053198960999400004
13,0,601099,-0.040037246883099994
14,0,601100,-0.0499359742043
15,0,601107,-0.0529094799876
16,0,601111,-0.053425000002600004
17,0,601113,-0.052178088305
18,0,601116,-0.053489268932
19,0,601117,-0.053162286368
20,0,601118,-0.0534027008091
21,0,601126,-0.0525260132305
22,0,601127,-0.043925487098599995
23,0,601137,-0.05396423505800001
24,0,601139,-0.0520753301554
25,0,601155,-0.049421023605199996
26,0,601158,-0.052874439761100005
27,0,601166,-0.052948306763599996
28,0,601168,-0.05287345498459999
29,0,601169,-0.0526981310484
30,0,601177,-0.051279127482900005
31,0,601179,-0.0529432441855
32,0,601188,-0.0529698794279
33,0,601198,-0.051312082875
34,0,601199,-0.035537085575
35,0,601208,-0.052370216960899996
36,0,601211,-0.052827618972500004
37,0,601216,-0.044302008739
38,0,601218,-0.0398188712386
39,0,601222,-0.048126588612599996
40,0,601225,-0.0527385120555
41,0,601226,-0.049086742333699994
42,0,601231,-0.0537119293896
43,0,601233,-0.0530249510223
44,0,601238,-0.0523029347118
45,0,601258,-0.052884927023599995
46,0,601288,-0.0532946299457
47,0,601311,-0.04982774499940001
48,0,601313,-0.050146772487199995
49,0,601318,-0.05287332188609999
0,0,601328,-0.053331746108200004
1,0,601333,-0.05306710627280001
2,0,601336,-0.05206796935790001
3,0,601339,-0.0532154121285
4,0,601368,-0.04097522108419999
5,0,601369,-0.052883932024400004
6,0,601377,-0.053906844254000004
7,0,601388,-0.049810564000900004
8,0,601390,-0.052913183312999996
9,0,601398,-0.053337268517800004
10,0,601515,-0.052724084108999994
11,0,601518,-0.0490834049866
12,0,601519,-0.0528391460127
13,0,601555,-0.0522046280342
14,0,601558,-0.052099979516799996
15,0,601566,-0.0522411806539
16,0,601567,-0.053573179868900006
17,0,601579,-0.0519364367028
18,0,601588,-0.053240566027300006
19,0,601595,-1377952.46044
20,0,601599,-0.050952026011
21,0,601600,-0.053088610712199995
22,0,601601,-0.0533715012455
23,0,601607,-0.052213364990999996
24,0,601608,-0.053216171765
25,0,601611,-0.043627558071900004
26,0,601616,-0.05367850614440001
27,0,601618,-0.052945214534700004
28,0,601628,-0.0530932794759
29,0,601633,-0.0531812506783
30,0,601636,-0.0489287607849
31,0,601666,-0.052416939785400005
32,0,601668,-0.053024189817
33,0,601669,-0.052634760736
34,0,601677,-0.050954536502
35,0,601678,-0.0442764890695
36,0,601688,-0.0532217982904
37,0,601689,-0.0468428380567
38,0,601699,-0.0524382969816
39,0,601700,-0.0531934906814
40,0,601717,-0.052614747924
41,0,601718,-0.0532245572026
42,0,601766,-0.053350821820099995
43,0,601777,-0.050254074228199996
44,0,601788,-0.0527331358534
45,0,601800,-0.0531273983321
46,0,601801,-0.0514646111309
47,0,601808,-0.0532442676602
48,0,601811,3.74790035995
49,0,601818,-0.0536354610452
0,0,601857,-0.053571329699
1,0,601866,-0.053307924286
2,0,601872,-0.0521582396271
3,0,601880,-0.05329278169959999
4,0,601886,-0.0519499553888
5,0,601888,-0.0527766911812
6,0,601890,-0.0527320615257
7,0,601898,-0.0531349690486
8,0,601899,-0.052852775226
9,0,601901,-0.0534935014781
10,0,601908,-0.053690409690500006
11,0,601918,-0.0529604350379
12,0,601919,-0.0528566538809
13,0,601928,-0.0527964822145
14,0,601929,-0.0515382595201
15,0,601933,-0.0534808620899
16,0,601939,-0.0532713569836
17,0,601958,-0.05394918848809999
18,0,601965,-0.0532718363072
19,0,601966,-0.0416595159148
20,0,601968,-0.0270173711666
21,0,601969,-0.0510626605081
22,0,601985,-0.0526621878497
23,0,601988,-0.0536312614112
24,0,601989,-0.053334582265800005
25,0,601991,-0.0530582330994
26,0,601992,-0.0527436706242
27,0,601996,-0.0487533476762
28,0,601997,-0.0792082458975
29,0,601998,-0.0539508713518
30,0,601999,-0.048341838222099996
31,0,603000,-0.0534596791154
32,0,603001,-0.052274686926
33,0,603002,-0.0488661501843
34,0,603003,-0.046845847759400004
35,0,603005,-0.0435511904133
36,0,603006,-0.049009503969700004
37,0,603007,-0.034379888416900005
38,0,603008,-0.043053831831400005
39,0,603009,-0.048150477467800004
40,0,603010,-0.0454686288612
41,0,603011,-0.0331775241983
42,0,603012,-0.0456617411015
43,0,603015,-0.04579957762569999
44,0,603016,-0.361817214574
45,0,603017,-0.022271029180200002
46,0,603018,-0.040000082056199995
47,0,603019,-0.0518787106817
48,0,603020,-0.051143052013
49,0,603021,-0.05064601433469999
0,0,603022,-0.0362630313
1,0,603023,-0.048391671671199996
2,0,603026,-0.0410315328322
3,0,603027,-0.041952826008
4,0,603028,-0.04267433627140001
5,0,603029,1.2988331407200002
6,0,603030,-0.0489495633873
7,0,603031,-9.895263460239999
8,0,603066,-0.048498905319300005
9,0,603069,-0.0173062291302
10,0,603077,-0.0447052174579
11,0,603085,-0.0700077213475
12,0,603088,-0.04604060724640001
13,0,603090,-0.0496625839525
14,0,603099,-0.0405644768073
15,0,603101,-0.039480482314599996
16,0,603108,-0.046509971906
17,0,603111,-0.048457223652999995
18,0,603116,-0.0494293587685
19,0,603117,-0.0471211009081
20,0,603118,-0.0432619402059
21,0,603123,-0.0510057606084
22,0,603126,0.0692516471607
23,0,603128,-0.0535206788695
24,0,603131,-0.0397666170425
25,0,603158,-0.0505749660374
26,0,603159,565.73735721
27,0,603166,-0.0403636948204
28,0,603167,-0.0494598091521
29,0,603168,-0.052462586142800006
30,0,603169,-0.0242352077032
31,0,603188,-0.0521577781886
32,0,603198,-0.0492558406116
33,0,603199,-0.0486468716455
34,0,603222,-0.0456729808357
35,0,603223,-0.042229068435500006
36,0,603227,-0.0254013794234
37,0,603268,11959.0623193
38,0,603288,-0.0545532698625
39,0,603299,-0.0268900696897
40,0,603300,-0.0448948237369
41,0,603306,-0.050495676310700004
42,0,603308,-0.047072332512499995
43,0,603309,-0.046363180924800004
44,0,603311,-0.143457429004
45,0,603315,-0.0446292598511
46,0,603318,-0.044017478515800006
47,0,603322,957.947497156
48,0,603328,-0.042344991612400004
49,0,603333,-0.0507345009927
0,0,603338,-0.0490649941197
1,0,603339,-0.0416794709624
2,0,603355,-0.047497367004100004
3,0,603366,-0.052735855250699994
4,0,603368,-0.04894802615780001
5,0,603369,-0.0539034236207
6,0,603377,-0.045714054930800004
7,0,603398,-0.0384645669173
8,0,603399,-0.046886225152400006
9,0,603456,-0.0498485687914
10,0,603508,-0.0459155705133
11,0,603515,1100072253.73
12,0,603519,-0.0225996038673
13,0,603520,-0.042406729138400004
14,0,603528,-0.0425573030086
15,0,603555,-0.0504598069703
16,0,603558,-0.0216564699712
17,0,603566,-0.048672478919099996
18,0,603567,-0.050596806849999995
19,0,603568,2.30011819211
20,0,603569,23.521313726
21,0,603588,-0.0440679973268
22,0,603589,-0.048944719344499996
23,0,603598,-0.0487570711198
24,0,603600,-0.046065769163100005
25,0,603601,-0.0435126792978
26,0,603606,-0.0462051332618
27,0,603608,-0.0430039588585
28,0,603609,-0.05053911349449999
29,0,603611,-0.044849423536199994
30,0,603616,-13.4318394053
31,0,603618,-0.0535099080284
32,0,603636,-0.0517867403139
33,0,603663,62020361.5302
34,0,603678,-0.051497147718099996
35,0,603686,-0.0456405368749
36,0,603688,-0.037913331839
37,0,603696,-0.0416774476064
38,0,603698,-0.047650499143400006
39,0,603701,-0.0351437878177
40,0,603718,-0.047428040411599995
41,0,603726,-0.0380064882305
42,0,603729,-0.04853078358850001
43,0,603737,0.0011842735627
44,0,603766,-0.052462497397800005
45,0,603778,2764042.13868
46,0,603788,-0.043080883055600004
47,0,603789,-0.050184057873300006
48,0,603798,-0.04444005276869999
49,0,603799,-0.0432420896203
0,0,603800,-0.0776692561823
1,0,603806,-0.049097114717800004
2,0,603808,-0.049282773564599994
3,0,603818,-0.0486598500145
4,0,603822,1.34263056289
5,0,603828,-0.039995490365400004
6,0,603866,-0.0470047169757
7,0,603868,-0.0398546547835
8,0,603869,-0.0478590965816
9,0,603885,-0.051117192327500005
10,0,603889,-0.04655053577
11,0,603898,-0.04543704490730001
12,0,603899,-0.051500912799300004
13,0,603901,-0.04767338042230001
14,0,603909,-0.0323544034582
15,0,603918,-0.052132930516699996
16,0,603919,-0.026258419251599996
17,0,603936,0.00332467390685
18,0,603939,-0.0535547180602
19,0,603958,783.737609767
20,0,603959,-0.0610557322454
21,0,603968,-0.0431655434875
22,0,603969,-0.0058145849304899995
23,0,603979,-0.050400055724400004
24,0,603986,0.668620423156
25,0,603988,1303517718.89
26,0,603989,-0.039024501799300004
27,0,603993,-0.0538506271478
28,0,603996,-0.167097375517
29,0,603997,-0.026620855231
30,0,603998,-0.0467189390895
31,0,603999,-0.043862269769
32,0,59,-0.052228962418
33,0,65,-0.05074798138330001
34,0,404,-0.04911500627090001
35,0,423,-0.050640894341400004
36,0,593,0.086885311771
37,0,673,-0.0458336611769
38,0,686,-0.0522475282817
39,0,731,-0.044425636531499994
40,0,758,-0.048629442858800005
41,0,797,-0.0506600364291
42,0,801,-0.0530615081565
43,0,815,-0.052059933072
44,0,837,-0.048912276086300006
45,0,851,-0.04230839820619999
46,0,876,-0.0528068336877
47,0,902,-0.0523231467731
48,0,926,-0.0513027910824
49,0,927,-0.052637230138300004
0,0,951,-0.0507159698993
1,0,2008,-0.051568746877699995
2,0,2113,-551.794311451
3,0,2119,-0.048711603328300004
4,0,2174,-0.050292980133100004
5,0,2218,-0.0492284381502
6,0,2234,-0.0503433177843
7,0,2248,-0.0453403546243
8,0,2294,-0.0522453149249
9,0,2321,-0.0510971485167
10,0,2353,-0.0496770929731
11,0,2437,-0.05086866226290001
12,0,2453,-0.041448967619800006
13,0,2462,-0.052159924056099996
14,0,2595,-0.05327276576500001
15,0,2660,-0.044458243033099996
16,0,2684,-0.049355075265
17,0,2753,-0.047061599184499994
18,0,2766,-0.036467069926
19,0,300020,-0.0346169323008
20,0,300105,-0.046273054996600005
21,0,300169,-0.0456377358134
22,0,300175,-0.047148248291499995
23,0,300270,-0.0429024579373
24,0,300281,-0.0447345445678
25,0,300309,-0.04373969764669999
26,0,300342,-0.05238481761390001
27,0,300357,-0.0522483172568
28,0,300366,-0.0387255603576
29,0,300389,-0.048773809173400004
30,0,300397,-0.0458510688681
31,0,300408,-0.0452595104229
32,0,300417,-0.030411818256799998
33,0,300424,-0.052057036914900004
34,0,300482,-0.046155862671400004
35,0,600091,-0.052271664672499996
36,0,600313,-0.047133049302000005
37,0,600337,-0.0534183137079
38,0,600346,-0.0509911872707
39,0,600400,-0.05227446416999999
40,0,600444,-0.048490177516300005
41,0,600543,-0.05246323203480001
42,0,600579,-0.0461015456079
43,0,600587,-0.054388429693400006
44,0,600703,-0.05054994502330001
45,0,600715,-0.0491916393245
46,0,600778,-0.0512448742445
47,0,600844,-0.0518974496875
48,0,600871,-0.0510978017801
49,0,600881,-0.0517326205994
0,0,600986,-0.0347460678026
1,0,601010,-0.0527500070866
2,0,601186,-0.052867625133300004
3,0,603669,-0.051251681805600004
4,0,603699,-0.052863391326699996
5,0,656,-0.0469550993435
6,0,700,-0.0489209104787
7,0,713,-0.0503917673964
8,0,819,-0.0516546250842
9,0,938,-0.051430339891300005
10,0,2064,-0.052555265542599996
11,0,2144,-0.0408491327559
12,0,2230,-0.05126767750109999
13,0,2261,-0.049273292770999996
14,0,2440,-0.0517161309992
15,0,2506,-0.0520404127569
16,0,2585,-0.0495094735719
17,0,2594,-0.052269921503099996
18,0,2665,-0.051871724812599995
19,0,300199,-0.047520312347499996
20,0,300256,-0.034222676605599994
21,0,601011,-0.0286224341676
22,0,601799,-0.0528952466431
23,0,46,-0.0534443532569
24,0,158,-0.0518128383148
25,0,2002,-0.0524869944257
26,0,2161,-0.0520287666585
27,0,2340,-0.0493100500206
28,0,2430,-0.052174817390199996
29,0,2609,-0.040236195169599996
30,0,300079,-0.051068543660699996
31,0,300086,-0.0513610759594
32,0,300124,-0.0529454206028
33,0,300296,-0.0479489646303
34,0,300316,-0.0510319596683
35,0,300351,-0.046915345739599996
36,0,300436,-0.0491546607936
37,0,300463,-0.049403008011099994
38,0,600004,-0.052157161399600006
39,0,600061,-0.053133304934199994
40,0,600089,-0.051750428227500006
41,0,600487,-0.010304929661
42,0,839,-0.0243964397078
43,0,918,-0.044732564249999995
44,0,969,-0.051530005913000006
45,0,971,-0.050300540231900004
46,0,2020,-0.04931505789940001
47,0,2375,-0.049866530852600004
48,0,2422,-0.0484282002295
49,0,300238,-0.0498415729843
